{
  "Buy Ticket Flow - Spike" : {
    "transaction" : "Buy Ticket Flow - Spike",
    "sampleCount" : 6482,
    "errorCount" : 0,
    "errorPct" : 0.0,
    "meanResTime" : 3857.1678494291864,
    "medianResTime" : 2399.5,
    "minResTime" : 0.0,
    "maxResTime" : 24417.0,
    "pct1ResTime" : 8149.4,
    "pct2ResTime" : 9611.799999999996,
    "pct3ResTime" : 13485.34,
    "throughput" : 50.44829089097814,
    "receivedKBytesPerSec" : 1172.5413362410302,
    "sentKBytesPerSec" : 46.78228250157602
  },
  "01 - Open Home" : {
    "transaction" : "01 - Open Home",
    "sampleCount" : 6431,
    "errorCount" : 0,
    "errorPct" : 0.0,
    "meanResTime" : 1087.1464779972016,
    "medianResTime" : 407.0,
    "minResTime" : 225.0,
    "maxResTime" : 10483.0,
    "pct1ResTime" : 3527.800000000002,
    "pct2ResTime" : 5285.999999999998,
    "pct3ResTime" : 7481.760000000002,
    "throughput" : 51.051027212396406,
    "receivedKBytesPerSec" : 237.1580077690876,
    "sentKBytesPerSec" : 7.029487145456927
  },
  "02 - Find Flights" : {
    "transaction" : "02 - Find Flights",
    "sampleCount" : 6326,
    "errorCount" : 0,
    "errorPct" : 0.0,
    "meanResTime" : 897.7938665823597,
    "medianResTime" : 395.0,
    "minResTime" : 234.0,
    "maxResTime" : 7918.0,
    "pct1ResTime" : 2287.7000000000016,
    "pct2ResTime" : 4358.149999999996,
    "pct3ResTime" : 6765.8399999999965,
    "throughput" : 51.5843893210692,
    "receivedKBytesPerSec" : 371.8207767880441,
    "sentKBytesPerSec" : 10.427703700645823
  },
  "04 - Purchase Ticket" : {
    "transaction" : "04 - Purchase Ticket",
    "sampleCount" : 6101,
    "errorCount" : 0,
    "errorPct" : 0.0,
    "meanResTime" : 906.938698574003,
    "medianResTime" : 390.0,
    "minResTime" : 233.0,
    "maxResTime" : 7943.0,
    "pct1ResTime" : 2297.8,
    "pct2ResTime" : 4541.199999999993,
    "pct3ResTime" : 6981.98,
    "throughput" : 51.08474491120247,
    "receivedKBytesPerSec" : 288.34943904956083,
    "sentKBytesPerSec" : 19.057004449296233
  },
  "Total" : {
    "transaction" : "Total",
    "sampleCount" : 25518,
    "errorCount" : 0,
    "errorPct" : 0.0,
    "meanResTime" : 1027.693588839247,
    "medianResTime" : 387.0,
    "minResTime" : 0.0,
    "maxResTime" : 24417.0,
    "pct1ResTime" : 2758.600000000006,
    "pct2ResTime" : 5181.850000000002,
    "pct3ResTime" : 7404.990000000002,
    "throughput" : 200.1537351363223,
    "receivedKBytesPerSec" : 1225.0778633414252,
    "sentKBytesPerSec" : 48.59987844825557
  },
  "03 - Choose Flight" : {
    "transaction" : "03 - Choose Flight",
    "sampleCount" : 6210,
    "errorCount" : 0,
    "errorPct" : 0.0,
    "meanResTime" : 920.3318840579709,
    "medianResTime" : 395.0,
    "minResTime" : 232.0,
    "maxResTime" : 8173.0,
    "pct1ResTime" : 2422.300000000004,
    "pct2ResTime" : 4525.399999999998,
    "pct3ResTime" : 6851.610000000016,
    "throughput" : 51.1431018579523,
    "receivedKBytesPerSec" : 335.5767258480613,
    "sentKBytesPerSec" : 12.935608770712543
  }
}