{
  "01 - Open Home" : {
    "transaction" : "01 - Open Home",
    "sampleCount" : 7945,
    "errorCount" : 0,
    "errorPct" : 0.0,
    "meanResTime" : 980.0854625550636,
    "medianResTime" : 458.0,
    "minResTime" : 234.0,
    "maxResTime" : 7998.0,
    "pct1ResTime" : 2479.800000000001,
    "pct2ResTime" : 3949.3999999999996,
    "pct3ResTime" : 6487.4,
    "throughput" : 43.391115334622235,
    "receivedKBytesPerSec" : 201.57393594997598,
    "sentKBytesPerSec" : 5.97475318572435
  },
  "Buy Ticket Flow" : {
    "transaction" : "Buy Ticket Flow",
    "sampleCount" : 7963,
    "errorCount" : 0,
    "errorPct" : 0.0,
    "meanResTime" : 3783.8314705513017,
    "medianResTime" : 3066.0,
    "minResTime" : 0.0,
    "maxResTime" : 22432.0,
    "pct1ResTime" : 7296.0,
    "pct2ResTime" : 8595.599999999995,
    "pct3ResTime" : 11176.479999999985,
    "throughput" : 42.13695701638807,
    "receivedKBytesPerSec" : 996.4099071937225,
    "sentKBytesPerSec" : 39.866083210634514
  },
  "02 - Find Flights" : {
    "transaction" : "02 - Find Flights",
    "sampleCount" : 7866,
    "errorCount" : 0,
    "errorPct" : 0.0,
    "meanResTime" : 950.3634630053424,
    "medianResTime" : 452.0,
    "minResTime" : 244.0,
    "maxResTime" : 7885.0,
    "pct1ResTime" : 2338.3,
    "pct2ResTime" : 3613.6499999999996,
    "pct3ResTime" : 6257.299999999999,
    "throughput" : 44.361228759791786,
    "receivedKBytesPerSec" : 319.75617159169735,
    "sentKBytesPerSec" : 8.967553079371973
  },
  "04 - Purchase Ticket" : {
    "transaction" : "04 - Purchase Ticket",
    "sampleCount" : 7716,
    "errorCount" : 0,
    "errorPct" : 0.0,
    "meanResTime" : 934.0044064281986,
    "medianResTime" : 447.0,
    "minResTime" : 235.0,
    "maxResTime" : 7989.0,
    "pct1ResTime" : 2338.6000000000004,
    "pct2ResTime" : 3495.1499999999996,
    "pct3ResTime" : 6108.49,
    "throughput" : 43.932018105730634,
    "receivedKBytesPerSec" : 247.97578251772143,
    "sentKBytesPerSec" : 16.388702066786234
  },
  "Total" : {
    "transaction" : "Total",
    "sampleCount" : 31621,
    "errorCount" : 0,
    "errorPct" : 0.0,
    "meanResTime" : 979.4618449764375,
    "medianResTime" : 429.0,
    "minResTime" : 0.0,
    "maxResTime" : 13158.0,
    "pct1ResTime" : 2580.0,
    "pct2ResTime" : 4163.9000000000015,
    "pct3ResTime" : 6893.990000000002,
    "throughput" : 172.2154749391383,
    "receivedKBytesPerSec" : 1046.9439874474438,
    "sentKBytesPerSec" : 41.754255000667165
  },
  "03 - Choose Flight" : {
    "transaction" : "03 - Choose Flight",
    "sampleCount" : 7794,
    "errorCount" : 0,
    "errorPct" : 0.0,
    "meanResTime" : 938.6009751090576,
    "medianResTime" : 448.0,
    "minResTime" : 236.0,
    "maxResTime" : 7898.0,
    "pct1ResTime" : 2244.0,
    "pct2ResTime" : 3503.25,
    "pct3ResTime" : 6094.500000000002,
    "throughput" : 43.72216176190102,
    "receivedKBytesPerSec" : 286.8840548777922,
    "sentKBytesPerSec" : 11.058632711262074
  }
}