{
  "01 - Open Home" : {
    "transaction" : "01 - Open Home",
    "sampleCount" : 10999,
    "errorCount" : 0,
    "errorPct" : 0.0,
    "meanResTime" : 313.7667969815448,
    "medianResTime" : 282.0,
    "minResTime" : 223.0,
    "maxResTime" : 2394.0,
    "pct1ResTime" : 422.0,
    "pct2ResTime" : 468.0,
    "pct3ResTime" : 604.0,
    "throughput" : 60.94067716788467,
    "receivedKBytesPerSec" : 283.10231809458577,
    "sentKBytesPerSec" : 8.391245586593495
  },
  "Buy Ticket Flow" : {
    "transaction" : "Buy Ticket Flow",
    "sampleCount" : 11048,
    "errorCount" : 0,
    "errorPct" : 0.0,
    "meanResTime" : 1288.3690260680628,
    "medianResTime" : 1234.0,
    "minResTime" : 0.0,
    "maxResTime" : 5819.0,
    "pct1ResTime" : 1478.0,
    "pct2ResTime" : 1593.0,
    "pct3ResTime" : 3312.140000000003,
    "throughput" : 60.953137585929134,
    "receivedKBytesPerSec" : 1443.1367128880604,
    "sentKBytesPerSec" : 57.783676282661354
  },
  "02 - Find Flights" : {
    "transaction" : "02 - Find Flights",
    "sampleCount" : 10916,
    "errorCount" : 0,
    "errorPct" : 0.0,
    "meanResTime" : 313.8616709417383,
    "medianResTime" : 288.0,
    "minResTime" : 231.0,
    "maxResTime" : 2634.0,
    "pct1ResTime" : 417.0,
    "pct2ResTime" : 457.14999999999964,
    "pct3ResTime" : 558.0,
    "throughput" : 61.28108684668501,
    "receivedKBytesPerSec" : 441.71621936928085,
    "sentKBytesPerSec" : 12.387875954359176
  },
  "04 - Purchase Ticket" : {
    "transaction" : "04 - Purchase Ticket",
    "sampleCount" : 10755,
    "errorCount" : 0,
    "errorPct" : 0.0,
    "meanResTime" : 314.095862389586,
    "medianResTime" : 289.0,
    "minResTime" : 226.0,
    "maxResTime" : 2427.0,
    "pct1ResTime" : 417.0,
    "pct2ResTime" : 465.0,
    "pct3ResTime" : 554.4400000000005,
    "throughput" : 60.566640198678854,
    "receivedKBytesPerSec" : 341.8721851365354,
    "sentKBytesPerSec" : 22.594195855366525
  },
  "Total" : {
    "transaction" : "Total",
    "sampleCount" : 43834,
    "errorCount" : 0,
    "errorPct" : 0.0,
    "meanResTime" : 329.1976547885184,
    "medianResTime" : 290.0,
    "minResTime" : 0.0,
    "maxResTime" : 5607.0,
    "pct1ResTime" : 429.0,
    "pct2ResTime" : 481.0,
    "pct3ResTime" : 1518.9400000000096,
    "throughput" : 242.84226388334883,
    "receivedKBytesPerSec" : 1469.6454311608054,
    "sentKBytesPerSec" : 58.69888098047689
  },
  "03 - Choose Flight" : {
    "transaction" : "03 - Choose Flight",
    "sampleCount" : 10834,
    "errorCount" : 0,
    "errorPct" : 0.0,
    "meanResTime" : 314.47369392652905,
    "medianResTime" : 287.0,
    "minResTime" : 228.0,
    "maxResTime" : 1349.0,
    "pct1ResTime" : 422.0,
    "pct2ResTime" : 468.0,
    "pct3ResTime" : 563.0,
    "throughput" : 60.90965311744532,
    "receivedKBytesPerSec" : 399.6617416336369,
    "sentKBytesPerSec" : 15.405859528728847
  }
}